Type,Category,Friendly Name,Description,Column type,High Cardinality
Dimension,Endpoint,First CPU Name,Description of First CPU Name,String,False
Dimension,Endpoint,Second CPU Name,Description of Second CPU Name,String,False
Dimension,Endpoint,First CPU Number Of Cores,Description of First CPU Number Of Cores,String,False
Dimension,Endpoint,Second CPU Number Of Cores,Description of Second CPU Number Of Cores,String,False
Dimension,Endpoint,First CPU Processor Speed,Description of First CPU Processor Speed,String,False
Dimension,Endpoint,Second CPU Processor Speed,Description of Second CPU Processor Speed,String,False
Dimension,Endpoint,First Endpoint,Description of First Endpoint,String,False
Dimension,Endpoint,Second Endpoint,Description of Second Endpoint,String,False
Dimension,Endpoint,First OS,Description of First OS,String,False
Dimension,Endpoint,Second OS,Description of Second OS,String,False
Dimension,Endpoint,First OS Filtered,Description of First OS Filtered,String,False
Dimension,Endpoint,Second OS Filtered,Description of Second OS Filtered,String,False
Dimension,Endpoint,First OS Architecture,Description of First OS Architecture,String,False
Dimension,Endpoint,Second OS Architecture,Description of Second OS Architecture,String,False
Dimension,Endpoint,First Virtualization Flag,Description of First Virtualization Flag,String,False
Dimension,Endpoint,Second Virtualization Flag,Description of Second Virtualization Flag,String,False
Dimension,Endpoint,First VTC Device Name,Description of First VTC Device Name,String,False
Dimension,Endpoint,Second VTC Device Name,Description of Second VTC Device Name,String,False
Dimension,Endpoint,First VTC Device Detail,Description of First VTC Device Detail,String,False
Dimension,Endpoint,Second VTC Device Detail,Description of Second VTC Device Detail,String,False
Dimension,Endpoint,First Media Bypass,Description of First Media Bypass,Boolean,False
Dimension,Endpoint,Second Media Bypass,Description of Second Media Bypass,Boolean,False
Dimension,Endpoint,First Endpoint Make,Description of First Endpoint Make,String,False
Dimension,Endpoint,First Endpoint Model,Description of First Endpoint Model,String,False
Dimension,Endpoint,First Endpoint Type,Description of First Endpoint Type,String,False
Dimension,Endpoint,First Endpoint Label 1,Description of First Endpoint Label 1,String,False
Dimension,Endpoint,First Endpoint Label 2,Description of First Endpoint Label 2,String,False
Dimension,Endpoint,First Endpoint Label 3,Description of First Endpoint Label 3,String,False
Dimension,Endpoint,Second Endpoint Make,Description of Second Endpoint Make,String,False
Dimension,Endpoint,Second Endpoint Model,Description of Second Endpoint Model,String,False
Dimension,Endpoint,Second Endpoint Type,Description of Second Endpoint Type,String,False
Dimension,Endpoint,Second Endpoint Label 1,Description of Second Endpoint Label 1,String,False
Dimension,Endpoint,Second Endpoint Label 2,Description of Second Endpoint Label 2,String,False
Dimension,Endpoint,Second Endpoint Label 3,Description of Second Endpoint Label 3,String,False
Dimension,Endpoint,First ASN,Description of First ASN,Int64,False
Dimension,Endpoint,Second ASN,Description of Second ASN,Int64,False
Dimension,Endpoint,First ASN ISP Name,Description of First ASN ISP Name,String,False
Dimension,Endpoint,Second ASN ISP Name,Description of Second ASN ISP Name,String,False
Dimension,Endpoint,First ASN Country Code,Description of First ASN Country Code,String,False
Dimension,Endpoint,Second ASN Country Code,Description of Second ASN Country Code,String,False
Dimension,Endpoint,First ASN Country,Description of First ASN Country,String,False
Dimension,Endpoint,Second ASN Country,Description of Second ASN Country,String,False
Dimension,Endpoint,First ASN City,Description of First ASN City,String,False
Dimension,Endpoint,Second ASN City,Description of Second ASN City,String,False
Dimension,Endpoint,First ASN State,Description of First ASN State,String,False
Dimension,Endpoint,Second ASN State,Description of Second ASN State,String,False
Dimension,Building,First Network,Description of First Network,String,False
Dimension,Building,First Network Name,Description of First Network Name,String,False
Dimension,Building,First Network Range,Description of First Network Range,Int64,False
Dimension,Building,First Building Name,Description of First Building Name,String,False
Dimension,Building,First Ownership Type,Description of First Ownership Type,String,False
Dimension,Building,First Building Type,Description of First Building Type,String,False
Dimension,Building,First Building Office Type,Description of First Building Office Type,String,False
Dimension,Building,First City,Description of First City,String,False
Dimension,Building,First Zip Code,Description of First Zip Code,String,False
Dimension,Building,First Country,Description of First Country,String,False
Dimension,Building,First State,Description of First State,String,False
Dimension,Building,First Region,Description of First Region,String,False
Dimension,Building,First Express Route,Description of First Express Route,Boolean,False
Dimension,Building,First Network Mapped VPN,Description of First Network Mapped VPN,Boolean,False
Dimension,Building,Second Network,Description of Second Network,String,False
Dimension,Building,Second Network Name,Description of Second Network Name,String,False
Dimension,Building,Second Network Range,Description of Second Network Range,Int64,False
Dimension,Building,Second Building Name,Description of Second Building Name,String,False
Dimension,Building,Second Ownership Type,Description of Second Ownership Type,String,False
Dimension,Building,Second Building Type,Description of Second Building Type,String,False
Dimension,Building,Second Building Office Type,Description of Second Building Office Type,String,False
Dimension,Building,Second City,Description of Second City,String,False
Dimension,Building,Second Zip Code,Description of Second Zip Code,String,False
Dimension,Building,Second Country,Description of Second Country,String,False
Dimension,Building,Second State,Description of Second State,String,False
Dimension,Building,Second Region,Description of Second Region,String,False
Dimension,Building,Second Express Route,Description of Second Express Route,Boolean,False
Dimension,Building,Second Network Mapped VPN,Description of Second Network Mapped VPN,Boolean,False
Dimension,Building,First Inside Corp,Description of First Inside Corp,String,False
Dimension,Building,Second Inside Corp,Description of Second Inside Corp,String,False
Dimension,Deployment,First Tenant Id,Description of First Tenant Id,String,False
Dimension,Deployment,Second Tenant Id,Description of Second Tenant Id,String,False
Dimension,Deployment,First Pool,Description of First Pool,String,False
Dimension,Deployment,Second Pool,Description of Second Pool,String,False
Dimension,Deployment,Is Federated,Description of Is Federated,String,False
Dimension,Deployment,Region,Description of Region,String,True
Dimension,Stream,QoE Record Available,Description of QoE Record Available,String,False
Dimension,Stream,CDR Record Available,Description of CDR Record Available,String,False
Dimension,Stream,Media Line Label,Description of Media Line Label,Int64,False
Dimension,Stream,Media Type,Description of Media Type,String,False
Dimension,Stream,Media Line Label Text,Description of Media Line Label Text,String,False
Dimension,Stream,First Is Server,Description of First Is Server,String,False
Dimension,Stream,Second Is Server,Description of Second Is Server,String,False
Dimension,Stream,First Is Caller,Description of First Is Caller,String,False
Dimension,Stream,First Network Connection Detail,Description of First Network Connection Detail,String,False
Dimension,Stream,Second Network Connection Detail,Description of Second Network Connection Detail,String,False
Dimension,Stream,Stream Direction,Description of Stream Direction,String,False
Dimension,Stream,Payload Description,Description of Payload Description,String,False
Dimension,Stream,Audio and Video Call,Description of Audio and Video Call,String,False
Dimension,Stream,First QoE Record Available,Description of First QoE Record Available,Boolean,False
Dimension,Stream,Second QoE Record Available,Description of Second QoE Record Available,Boolean,False
Dimension,Stream,Duration 5 seconds or less,Description of Duration 5 seconds or less,Boolean,False
Dimension,Stream,Duration 60 seconds or more,Description of Duration 60 seconds or more,Boolean,False
Dimension,Stream,Is Teams,Description of Is Teams,Boolean,False
Dimension,Stream,Duration (Minutes),Description of Duration (Minutes),String,False
Dimension,Stream,Duration (Seconds),Description of Duration (Seconds),String,False
Dimension,Date,End Time,Description of End Time,DateTime,False
Dimension,Date,Year,Description of Year,String,False
Dimension,Date,Month,Description of Month,String,False
Dimension,Date,Day,Description of Day,String,False
Dimension,Date,Date,Description of Date,String,False
Dimension,Date,Hour,Description of Hour,String,False
Dimension,Date,Minute,Description of Minute,String,False
Dimension,Date,Second,Description of Second,String,False
Dimension,Date,Day Of Year,Description of Day Of Year,String,False
Dimension,Date,Day Of Week,Description of Day Of Week,String,False
Dimension,Date,Day Number Of Week,Description of Day Number Of Week,String,False
Dimension,Date,Week,Description of Week,String,False
Dimension,Date,Month Year,Description of Month Year,String,False
Dimension,Date,Full Month,Description of Full Month,String,False
Dimension,Date,Start Time,Description of Start Time,DateTime,False
Dimension,UserAgent,First Domain,Description of First Domain,String,False
Dimension,UserAgent,Second Domain,Description of Second Domain,String,False
Dimension,UserAgent,First User Agent Category,Description of First User Agent Category,String,False
Dimension,UserAgent,Second User Agent Category,Description of Second User Agent Category,String,False
Dimension,UserAgent,First User Agent,Description of First User Agent,String,False
Dimension,UserAgent,Second User Agent,Description of Second User Agent,String,False
Dimension,UserAgent,Conference Type,Description of Conference Type,String,False
Dimension,UserAgent,Conference Id,Description of Conference Id,String,False
Dimension,UserAgent,First Client App Version,Description of First Client App Version,String,False
Dimension,UserAgent,Second Client App Version,Description of Second Client App Version,String,False
Dimension,UserAgent,Meeting Id,Description of Meeting Id,String,True
Dimension,UserAgent,First Client App Version Age,Description of First Client App Version Age,String,False
Dimension,UserAgent,Second Client App Version Age,Description of Second Client App Version Age,String,False
Dimension,Network,Transport,Description of Transport,String,False
Dimension,Network,First Connectivity Ice,Description of First Connectivity Ice,String,False
Dimension,Network,Second Connectivity Ice,Description of Second Connectivity Ice,String,False
Dimension,Network,First IP Address,Description of First IP Address,String,True
Dimension,Network,Second IP Address,Description of Second IP Address,String,True
Dimension,Network,First Link Speed,Description of First Link Speed,String,False
Dimension,Network,Second Link Speed,Description of Second Link Speed,String,False
Dimension,Network,First Port,Description of First Port,String,False
Dimension,Network,Second Port,Description of Second Port,String,False
Dimension,Network,First Reflexive Local IP,Description of First Reflexive Local IP,String,False
Dimension,Network,Second Reflexive Local IP,Description of Second Reflexive Local IP,String,False
Dimension,Network,First Relay IP,Description of First Relay IP,String,False
Dimension,Network,Second Relay IP,Description of Second Relay IP,String,False
Dimension,Network,First Relay Port,Description of First Relay Port,String,False
Dimension,Network,Second Relay Port,Description of Second Relay Port,String,False
Dimension,Network,First Subnet,Description of First Subnet,String,False
Dimension,Network,Second Subnet,Description of Second Subnet,String,False
Dimension,Network,First VPN,Description of First VPN,String,False
Dimension,Network,Second VPN,Description of Second VPN,String,False
Dimension,Network,Applied Bandwidth Source,Description of Applied Bandwidth Source,String,False
Dimension,Network,Bandwidth Est,Description of Bandwidth Est,String,False
Dimension,Network,Mediation Server Bypass Flag,Description of Mediation Server Bypass Flag,String,False
Dimension,Network,First Cdr Connectivity Type,Description of First Cdr Connectivity Type,String,False
Dimension,Network,Second Cdr Connectivity Type,Description of Second Cdr Connectivity Type,String,False
Dimension,Network,First BSSID,Description of First BSSID,String,False
Dimension,Network,Second BSSID,Description of Second BSSID,String,False
Dimension,Network,First Local Address,Description of First Local Address,String,True
Dimension,Network,Second Local Address,Description of Second Local Address,String,True
Dimension,Network,First Remote Address,Description of First Remote Address,String,True
Dimension,Network,Second Remote Address,Description of Second Remote Address,String,True
Dimension,Network,First Base Address,Description of First Base Address,String,True
Dimension,Network,Second Base Address,Description of Second Base Address,String,True
Dimension,Network,First Local Site,Description of First Local Site,String,True
Dimension,Network,Second Local Site,Description of Second Local Site,String,True
Dimension,Network,First Remote Site,Description of First Remote Site,String,True
Dimension,Network,Second Remote Site,Description of Second Remote Site,String,True
Dimension,Network,First Local Media Relay Address,Description of First Local Media Relay Address,String,True
Dimension,Network,Second Local Media Relay Address,Description of Second Local Media Relay Address,String,True
Dimension,Network,First Remote Media Relay Address,Description of First Remote Media Relay Address,String,True
Dimension,Network,Second Remote Media Relay Address,Description of Second Remote Media Relay Address,String,True
Dimension,Network,First Local Address Type,Description of First Local Address Type,String,False
Dimension,Network,Second Local Address Type,Description of Second Local Address Type,String,False
Dimension,Network,First Remote Address Type,Description of First Remote Address Type,String,False
Dimension,Network,Second Remote Address Type,Description of Second Remote Address Type,String,False
Dimension,Network,First Transport Protocol,Description of First Transport Protocol,String,False
Dimension,Network,Second Transport Protocol,Description of Second Transport Protocol,String,False
Dimension,Network,First Roaming Trigger,Description of First Roaming Trigger,String,False
Dimension,Network,Second Roaming Trigger,Description of Second Roaming Trigger,String,False
Dimension,Network,First Reflexive Local IP Network,Description of First Reflexive Local IP Network,String,False
Dimension,Network,Second Reflexive Local IP Network,Description of Second Reflexive Local IP Network,String,False
Dimension,Network,First VPN Estimated,Description of First VPN Estimated,Boolean,False
Dimension,Network,Second VPN Estimated,Description of Second VPN Estimated,Boolean,False
Dimension,Network,First Roaming Count,Description of First Roaming Count,String,False
Dimension,Network,Second Roaming Count,Description of Second Roaming Count,String,False
Dimension,Network,First Recv AV Sync Distance Avg,Description of First Recv AV Sync Distance Avg,String,False
Dimension,Network,Second Recv AV Sync Distance Avg,Description of Second Recv AV Sync Distance Avg,String,False
Dimension,Network,First Recv AV Sync Distance Max,Description of First Recv AV Sync Distance Max,String,False
Dimension,Network,Second Recv AV Sync Distance Max,Description of Second Recv AV Sync Distance Max,String,False
Dimension,Network,First Recv AV Sync Distance Min,Description of First Recv AV Sync Distance Min,String,False
Dimension,Network,Second Recv AV Sync Distance Min,Description of Second Recv AV Sync Distance Min,String,False
Dimension,Network,First Recv AV Sync Distance Std Dev,Description of First Recv AV Sync Distance Std Dev,String,False
Dimension,Network,Second Recv AV Sync Distance Std Dev,Description of Second Recv AV Sync Distance Std Dev,String,False
Dimension,Network,Outbound Bit Rate Avg,Description of Outbound Bit Rate Avg,Int64,False
Dimension,Network,Network Score,Description of Network Score,String,False
Dimension,Network,First Web Network Receive Good Ratio,Description of First Web Network Receive Good Ratio,String,False
Dimension,Network,Second Web Network Receive Good Ratio,Description of Second Web Network Receive Good Ratio,String,False
Dimension,Network,First Web Network Receive Bad Ratio,Description of First Web Network Receive Bad Ratio,String,False
Dimension,Network,Second Web Network Receive Bad Ratio,Description of Second Web Network Receive Bad Ratio,String,False
Dimension,Network,First Web Network Send Good Ratio,Description of First Web Network Send Good Ratio,String,False
Dimension,Network,Second Web Network Send Good Ratio,Description of Second Web Network Send Good Ratio,String,False
Dimension,Network,First Web Network Send Bad Ratio,Description of First Web Network Send Bad Ratio,String,False
Dimension,Network,Second Web Network Send Bad Ratio,Description of Second Web Network Send Bad Ratio,String,False
Dimension,Network,First Is VPN Combined,Description of First Is VPN Combined,Boolean,False
Dimension,Network,Second Is VPN Combined,Description of Second Is VPN Combined,Boolean,False
Dimension,Device,First Capture Dev,Description of First Capture Dev,String,False
Dimension,Device,Second Capture Dev,Description of Second Capture Dev,String,False
Dimension,Device,First Capture Dev Driver,Description of First Capture Dev Driver,String,False
Dimension,Device,Second Capture Dev Driver,Description of Second Capture Dev Driver,String,False
Dimension,Device,First Render Dev,Description of First Render Dev,String,False
Dimension,Device,Second Render Dev,Description of Second Render Dev,String,False
Dimension,Device,First Render Dev Driver,Description of First Render Dev Driver,String,False
Dimension,Device,Second Render Dev Driver,Description of Second Render Dev Driver,String,False
Dimension,Device,First Audio Devices Connection Type,Description of First Audio Devices Connection Type,String,False
Dimension,Device,Second Audio Devices Connection Type,Description of Second Audio Devices Connection Type,String,False
Dimension,Device,First Audio Device General Failure,Description of First Audio Device General Failure,String,False
Dimension,Device,Second Audio Device General Failure,Description of Second Audio Device General Failure,String,False
Dimension,Device,First Mic Device Failure,Description of First Mic Device Failure,String,False
Dimension,Device,Second Mic Device Failure,Description of Second Mic Device Failure,String,False
Dimension,Device,First No Mic Devices Enumerated Failure,Description of First No Mic Devices Enumerated Failure,String,False
Dimension,Device,Second No Mic Devices Enumerated Failure,Description of Second No Mic Devices Enumerated Failure,String,False
Dimension,Device,First Mic Is Silent,Description of First Mic Is Silent,String,False
Dimension,Device,Second Mic Is Silent,Description of Second Mic Is Silent,String,False
Dimension,Device,First Mic Initialization Failure,Description of First Mic Initialization Failure,String,False
Dimension,Device,Second Mic Initialization Failure,Description of Second Mic Initialization Failure,String,False
Dimension,Device,First Mic Connection Type,Description of First Mic Connection Type,String,False
Dimension,Device,Second Mic Connection Type,Description of Second Mic Connection Type,String,False
Dimension,Device,First Speaker Device Failure,Description of First Speaker Device Failure,String,False
Dimension,Device,Second Speaker Device Failure,Description of Second Speaker Device Failure,String,False
Dimension,Device,First No Speaker Devices Enumerated Failure,Description of First No Speaker Devices Enumerated Failure,String,False
Dimension,Device,Second No Speaker Devices Enumerated Failure,Description of Second No Speaker Devices Enumerated Failure,String,False
Dimension,Device,First Speaker Initialization Failure,Description of First Speaker Initialization Failure,String,False
Dimension,Device,Second Speaker Initialization Failure,Description of Second Speaker Initialization Failure,String,False
Dimension,Device,First Speaker Connection Type,Description of First Speaker Connection Type,String,False
Dimension,Device,Second Speaker Connection Type,Description of Second Speaker Connection Type,String,False
Dimension,Device,First Audio Capture Connection Type,Description of First Audio Capture Connection Type,Int64,False
Dimension,Device,Second Audio Capture Connection Type,Description of Second Audio Capture Connection Type,Int64,False
Dimension,Device,First Audio Render Connection Type,Description of First Audio Render Connection Type,Int64,False
Dimension,Device,Second Audio Render Connection Type,Description of Second Audio Render Connection Type,Int64,False
Dimension,Device,First Compute Device Name,Description of First Compute Device Name,String,False
Dimension,Device,Second Compute Device Name,Description of Second Compute Device Name,String,False
Dimension,Device,First Device Failure,Description of First Device Failure,String,False
Dimension,Device,Second Device Failure,Description of Second Device Failure,String,False
Dimension,Wifi,First Wifi Microsoft Driver,Description of First Wifi Microsoft Driver,String,False
Dimension,Wifi,Second Wifi Microsoft Driver,Description of Second Wifi Microsoft Driver,String,False
Dimension,Wifi,First Wifi Vendor Driver,Description of First Wifi Vendor Driver,String,False
Dimension,Wifi,Second Wifi Vendor Driver,Description of Second Wifi Vendor Driver,String,False
Dimension,Wifi,First Wifi Microsoft Driver Version,Description of First Wifi Microsoft Driver Version,String,False
Dimension,Wifi,Second Wifi Microsoft Driver Version,Description of Second Wifi Microsoft Driver Version,String,False
Dimension,Wifi,First Wifi Vendor Driver Version,Description of First Wifi Vendor Driver Version,String,False
Dimension,Wifi,Second Wifi Vendor Driver Version,Description of Second Wifi Vendor Driver Version,String,False
Dimension,Wifi,First Wifi Channel,Description of First Wifi Channel,Int64,False
Dimension,Wifi,Second Wifi Channel,Description of Second Wifi Channel,Int64,False
Dimension,Wifi,First Wifi Radio Type,Description of First Wifi Radio Type,String,False
Dimension,Wifi,Second Wifi Radio Type,Description of Second Wifi Radio Type,String,False
Dimension,Wifi,First Wifi Band,Description of First Wifi Band,String,False
Dimension,Wifi,Second Wifi Band,Description of Second Wifi Band,String,False
Dimension,Wifi,First Wifi Retry Count,Description of First Wifi Retry Count,Int64,False
Dimension,Wifi,Second Wifi Retry Count,Description of Second Wifi Retry Count,Int64,False
Dimension,Wifi,First Wifi Handovers,Description of First Wifi Handovers,Int64,False
Dimension,Wifi,Second Wifi Handovers,Description of Second Wifi Handovers,Int64,False
Dimension,Wifi,First Wifi Channel Reassociations,Description of First Wifi Channel Reassociations,Int64,False
Dimension,Wifi,Second Wifi Channel Reassociations,Description of Second Wifi Channel Reassociations,Int64,False
Dimension,Wifi,First Wifi Channel Switches,Description of First Wifi Channel Switches,Int64,False
Dimension,Wifi,Second Wifi Channel Switches,Description of Second Wifi Channel Switches,Int64,False
Dimension,Wifi,First Wifi Signal Strength,Description of First Wifi Signal Strength,String,False
Dimension,Wifi,Second Wifi Signal Strength,Description of Second Wifi Signal Strength,String,False
Dimension,Wifi,First Wifi Battery Charge,Description of First Wifi Battery Charge,String,False
Dimension,Wifi,Second Wifi Battery Charge,Description of Second Wifi Battery Charge,String,False
Dimension,Metrics,First Web Max Session Bandwidth,Description of First Web Max Session Bandwidth,Int64,False
Dimension,Metrics,Second Web Max Session Bandwidth,Description of Second Web Max Session Bandwidth,Int64,False
Dimension,Metrics,Audio Degradation Avg,Description of Audio Degradation Avg,String,False
Dimension,Metrics,Jitter,Description of Jitter,String,False
Dimension,Metrics,Jitter Max,Description of Jitter Max,String,False
Dimension,Metrics,Packet Loss Rate,Description of Packet Loss Rate,String,False
Dimension,Metrics,Packet Loss Rate Max,Description of Packet Loss Rate Max,String,False
Dimension,Metrics,Send Listen MOS,Description of Send Listen MOS,String,False
Dimension,Metrics,Overall Avg Network MOS,Description of Overall Avg Network MOS,String,False
Dimension,Metrics,Ratio Concealed Samples Avg,Description of Ratio Concealed Samples Avg,String,False
Dimension,Metrics,Conceal Ratio Max,Description of Conceal Ratio Max,String,False
Dimension,Metrics,Ratio Stretched Samples Avg,Description of Ratio Stretched Samples Avg,String,False
Dimension,Metrics,Healer Packet Drop Ratio,Description of Healer Packet Drop Ratio,String,False
Dimension,Metrics,Healer FEC Packet Used Ratio,Description of Healer FEC Packet Used Ratio,String,False
Dimension,Metrics,Round Trip,Description of Round Trip,String,False
Dimension,Metrics,Round Trip Max,Description of Round Trip Max,String,False
Dimension,Metrics,Packet Utilization,Description of Packet Utilization,String,False
Dimension,Metrics,Jitter Buffer Size Avg,Description of Jitter Buffer Size Avg,String,False
Dimension,Metrics,Jitter Buffer Size Max,Description of Jitter Buffer Size Max,String,False
Dimension,Metrics,Jitter Buffer Size Min,Description of Jitter Buffer Size Min,String,False
Dimension,Metrics,Relative OneWay Gap Duration,Description of Relative OneWay Gap Duration,String,False
Dimension,Metrics,Audio Post FECPLR,Description of Audio Post FECPLR,String,False
Dimension,Metrics,Network Jitter Avg,Description of Network Jitter Avg,String,False
Dimension,Metrics,Network Jitter Max,Description of Network Jitter Max,String,False
Dimension,Metrics,Network Jitter Min,Description of Network Jitter Min,String,False
Dimension,Metrics,Video Post FECPLR,Description of Video Post FECPLR,String,False
Dimension,Metrics,Video Local Frame Loss Percentage Avg,Description of Video Local Frame Loss Percentage Avg,String,False
Dimension,Metrics,Recv Frame Rate Average,Description of Recv Frame Rate Average,String,False
Dimension,Metrics,Low Frame Rate Call Percent,Description of Low Frame Rate Call Percent,String,False
Dimension,Metrics,Video Packet Loss Rate,Description of Video Packet Loss Rate,String,False
Dimension,Metrics,Video Frame Rate Avg,Description of Video Frame Rate Avg,String,False
Dimension,Metrics,Dynamic Capability Percent,Description of Dynamic Capability Percent,String,False
Dimension,Metrics,Spoiled Tile Percent Total,Description of Spoiled Tile Percent Total,String,False
Dimension,Metrics,AppSharing Relative OneWay Average,Description of AppSharing Relative OneWay Average,String,False
Dimension,Metrics,AppSharing RDP Tile Processing Latency Average,Description of AppSharing RDP Tile Processing Latency Average,String,False
Dimension,Metrics,First Network Delay Event Ratio,Description of First Network Delay Event Ratio,String,False
Dimension,Metrics,Second Network Delay Event Ratio,Description of Second Network Delay Event Ratio,String,False
Dimension,Metrics,First Network Bandwidth Low Event Ratio,Description of First Network Bandwidth Low Event Ratio,String,False
Dimension,Metrics,Second Network Bandwidth Low Event Ratio,Description of Second Network Bandwidth Low Event Ratio,String,False
Dimension,Metrics,First Mic Glitch Rate,Description of First Mic Glitch Rate,String,False
Dimension,Metrics,Second Mic Glitch Rate,Description of Second Mic Glitch Rate,String,False
Dimension,Metrics,First Speaker Glitch Rate,Description of First Speaker Glitch Rate,String,False
Dimension,Metrics,Second Speaker Glitch Rate,Description of Second Speaker Glitch Rate,String,False
Dimension,Metrics,First Send Mute Percent,Description of First Send Mute Percent,String,False
Dimension,Metrics,Second Send Mute Percent,Description of Second Send Mute Percent,String,False
Dimension,Metrics,First System CPU Resource Usage Average,Description of First System CPU Resource Usage Average,String,False
Dimension,Metrics,Second System CPU Resource Usage Average,Description of Second System CPU Resource Usage Average,String,False
Dimension,Metrics,First Process Memory Resource Usage Average,Description of First Process Memory Resource Usage Average,String,False
Dimension,Metrics,Second Process Memory Resource Usage Average,Description of Second Process Memory Resource Usage Average,String,False
Dimension,Metrics,First System CPU Resource Usage Max,Description of First System CPU Resource Usage Max,String,False
Dimension,Metrics,Second System CPU Resource Usage Max,Description of Second System CPU Resource Usage Max,String,False
Dimension,Metrics,First Process Memory Resource Usage Max,Description of First Process Memory Resource Usage Max,String,False
Dimension,Metrics,Second Process Memory Resource Usage Max,Description of Second Process Memory Resource Usage Max,String,False
Dimension,Metrics,First System Memory Resource Usage Average,Description of First System Memory Resource Usage Average,String,False
Dimension,Metrics,Second System Memory Resource Usage Average,Description of Second System Memory Resource Usage Average,String,False
Dimension,Metrics,First System Memory Resource Usage Max,Description of First System Memory Resource Usage Max,String,False
Dimension,Metrics,Second System Memory Resource Usage Max,Description of Second System Memory Resource Usage Max,String,False
Dimension,Metrics,First Process CPU Resource Usage Average,Description of First Process CPU Resource Usage Average,String,False
Dimension,Metrics,Second Process CPU Resource Usage Average,Description of Second Process CPU Resource Usage Average,String,False
Dimension,Metrics,First Process CPU Resource Usage Max,Description of First Process CPU Resource Usage Max,String,False
Dimension,Metrics,Second Process CPU Resource Usage Max,Description of Second Process CPU Resource Usage Max,String,False
Dimension,Metrics,First Web Time Muted In Client,Description of First Web Time Muted In Client,String,False
Dimension,Metrics,Second Web Time Muted In Client,Description of Second Web Time Muted In Client,String,False
Dimension,Audio,Audio FEC Used,Description of Audio FEC Used,String,False
Dimension,Audio,First Audio Render Device In Use,Description of First Audio Render Device In Use,String,False
Dimension,Audio,Second Audio Render Device In Use,Description of Second Audio Render Device In Use,String,False
Dimension,Audio,First Audio Capture Device In Use,Description of First Audio Capture Device In Use,String,False
Dimension,Audio,Second Audio Capture Device In Use,Description of Second Audio Capture Device In Use,String,False
Dimension,Audio,First Audio Codec Average BW,Description of First Audio Codec Average BW,String,False
Dimension,Audio,Second Audio Codec Average BW,Description of Second Audio Codec Average BW,String,False
Dimension,Audio,First Mic Device Is Speaker Device,Description of First Mic Device Is Speaker Device,Boolean,False
Dimension,Audio,Second Mic Device Is Speaker Device,Description of Second Mic Device Is Speaker Device,Boolean,False
Dimension,Audio,First Capture Dev Name,Description of First Capture Dev Name,String,False
Dimension,Audio,Second Capture Dev Name,Description of Second Capture Dev Name,String,False
Dimension,Audio,First Render Dev Name,Description of First Render Dev Name,String,False
Dimension,Audio,Second Render Dev Name,Description of Second Render Dev Name,String,False
Dimension,Audio,First Network Avg Loss Rate,Description of First Network Avg Loss Rate,String,False
Dimension,Audio,Second Network Avg Loss Rate,Description of Second Network Avg Loss Rate,String,False
Dimension,Measure,ClassifiedPoorCall,Description of ClassifiedPoorCall,String,False
Dimension,Measure,Video Poor Due to Freeze,Description of Video Poor Due to Freeze,Boolean,False
Dimension,Measure,Video Poor Due To VideoPostFecplr,Description of Video Poor Due To VideoPostFecplr,Boolean,False
Dimension,Measure,Video Poor Due To VideoLocalFrameLossPercentageAvg,Description of Video Poor Due To VideoLocalFrameLossPercentageAvg,Boolean,False
Dimension,Measure,Video Poor Due To VideoFrameRateAvg,Description of Video Poor Due To VideoFrameRateAvg,Boolean,False
Dimension,Measure,VBSS Poor Due To VideoPostFecplr,Description of VBSS Poor Due To VideoPostFecplr,Boolean,False
Dimension,Measure,VBSS Poor Due To VideoLocalFrameLossPercentageAvg,Description of VBSS Poor Due To VideoLocalFrameLossPercentageAvg,Boolean,False
Dimension,Measure,VBSS Poor Due To VideoFrameRateAvg,Description of VBSS Poor Due To VideoFrameRateAvg,Boolean,False
Dimension,Measure,AppSharing Poor Due To SpoiledTilePercentTotal,Description of AppSharing Poor Due To SpoiledTilePercentTotal,Boolean,False
Dimension,Measure,AppSharing Poor Due To RelativeOneWayAverage,Description of AppSharing Poor Due To RelativeOneWayAverage,Boolean,False
Dimension,Measure,AppSharing Poor Due To RDPTileProcessingLatencyAverage,Description of AppSharing Poor Due To RDPTileProcessingLatencyAverage,Boolean,False
Dimension,Measure,Audio Poor Due To Jitter,Description of Audio Poor Due To Jitter,Boolean,False
Dimension,Measure,Audio Poor Due To RoundTrip,Description of Audio Poor Due To RoundTrip,Boolean,False
Dimension,Measure,Audio Poor Due To PacketLoss,Description of Audio Poor Due To PacketLoss,Boolean,False
Dimension,Measure,Audio Poor Due To Degradation,Description of Audio Poor Due To Degradation,Boolean,False
Dimension,Measure,Audio Poor Due To ConcealedRatio,Description of Audio Poor Due To ConcealedRatio,Boolean,False
Dimension,Measure,Poor Reason,Description of Poor Reason,String,False
Dimension,Measure,Poor,Description of Poor,Int64,False
Dimension,Measure,Good,Description of Good,Int64,False
Dimension,Measure,Unclassified,Description of Unclassified,Int64,False
Dimension,Measure,OnePercent PacketLoss,Description of OnePercent PacketLoss,Int64,False
Dimension,Measure,Is Dominant Participant,Description of Is Dominant Participant,Boolean,False
Dimension,Measure,Is Dominant Participant Probability,Description of Is Dominant Participant Probability,Double,False
Dimension,Measure,Detected Inbound Network Problem,Description of Detected Inbound Network Problem,Boolean,False
Dimension,Measure,Detected Uplink Problem,Description of Detected Uplink Problem,Boolean,False
Dimension,Measure,Detected Other User Uplink Problem,Description of Detected Other User Uplink Problem,Boolean,False
Dimension,Measure,Detected Input Device Causing Problem,Description of Detected Input Device Causing Problem,Boolean,False
Dimension,Measure,Detected Other User Device Problem,Description of Detected Other User Device Problem,Boolean,False
Dimension,Measure,Detected Local Input Device Problem,Description of Detected Local Input Device Problem,Boolean,False
Dimension,Measure,Detected Leaking Echo Problem,Description of Detected Leaking Echo Problem,Boolean,False
Dimension,Measure,Detected Hearing Echo Problem,Description of Detected Hearing Echo Problem,Boolean,False
Dimension,Measure,Detected Compute Device Causing Problem,Description of Detected Compute Device Causing Problem,Boolean,False
Dimension,Measure,Detected Other User Compute Problem,Description of Detected Other User Compute Problem,Boolean,False
Dimension,Measure,Detected Local Compute Problem,Description of Detected Local Compute Problem,Boolean,False
Dimension,Measure,Detected Media Modality Problem,Description of Detected Media Modality Problem,Boolean,False
Dimension,DNS,First DNS Suffix,Description of First DNS Suffix,String,False
Dimension,DNS,Second DNS Suffix,Description of Second DNS Suffix,String,False
Dimension,DNS,Used Dns Resolve Cache,Description of Used Dns Resolve Cache,String,False
Dimension,DNS,First DNS Resolution Result,Description of First DNS Resolution Result,Int64,False
Dimension,DNS,Second DNS Resolution Result,Description of Second DNS Resolution Result,Int64,False
Dimension,DNS,First DNS Error,Description of First DNS Error,String,False
Dimension,DNS,Second DNS Error,Description of Second DNS Error,String,False
Dimension,Rating,First Feedback Rating,Description of First Feedback Rating,Int64,False
Dimension,Rating,Second Feedback Rating,Description of Second Feedback Rating,Int64,False
Dimension,Rating,First Feedback Tokens,Description of First Feedback Tokens,String,False
Dimension,Rating,Second Feedback Tokens,Description of Second Feedback Tokens,String,False
Dimension,Rating,First Feedback Has Audio Issue,Description of First Feedback Has Audio Issue,Boolean,False
Dimension,Rating,Second Feedback Has Audio Issue,Description of Second Feedback Has Audio Issue,Boolean,False
Dimension,Rating,First Feedback Has Video Issue,Description of First Feedback Has Video Issue,Boolean,False
Dimension,Rating,Second Feedback Has Video Issue,Description of Second Feedback Has Video Issue,Boolean,False
Dimension,Rating,First Feedback Has AppSharing Issue,Description of First Feedback Has AppSharing Issue,Boolean,False
Dimension,Rating,Second Feedback Has AppSharing Issue,Description of Second Feedback Has AppSharing Issue,Boolean,False
Dimension,Audio Signal,First Echo Event Causes,Description of First Echo Event Causes,String,False
Dimension,Audio Signal,Second Echo Event Causes,Description of Second Echo Event Causes,String,False
Dimension,Audio Signal,First Echo Percent Mic In,Description of First Echo Percent Mic In,String,False
Dimension,Audio Signal,Second Echo Percent Mic In,Description of Second Echo Percent Mic In,String,False
Dimension,Audio Signal,First Echo Percent Send,Description of First Echo Percent Send,String,False
Dimension,Audio Signal,Second Echo Percent Send,Description of Second Echo Percent Send,String,False
Dimension,Audio Signal,First Send Signal Level,Description of First Send Signal Level,String,False
Dimension,Audio Signal,Second Send Signal Level,Description of Second Send Signal Level,String,False
Dimension,Audio Signal,First Recv Signal Level,Description of First Recv Signal Level,String,False
Dimension,Audio Signal,Second Recv Signal Level,Description of Second Recv Signal Level,String,False
Dimension,Audio Signal,First Send Noise Level,Description of First Send Noise Level,String,False
Dimension,Audio Signal,Second Send Noise Level,Description of Second Send Noise Level,String,False
Dimension,Audio Signal,First Recv Noise Level,Description of First Recv Noise Level,String,False
Dimension,Audio Signal,Second Recv Noise Level,Description of Second Recv Noise Level,String,False
Dimension,Audio Signal,First Initial Signal Level RMS,Description of First Initial Signal Level RMS,String,False
Dimension,Audio Signal,Second Initial Signal Level RMS,Description of Second Initial Signal Level RMS,String,False
Dimension,Audio Signal,First RxAGC Signal Level,Description of First RxAGC Signal Level,String,False
Dimension,Audio Signal,Second RxAGC Signal Level,Description of Second RxAGC Signal Level,String,False
Dimension,Audio Signal,First RxAGC Noise Level,Description of First RxAGC Noise Level,String,False
Dimension,Audio Signal,Second RxAGC Noise Level,Description of Second RxAGC Noise Level,String,False
Dimension,Audio Signal,First Render Loopback Signal Level,Description of First Render Loopback Signal Level,String,False
Dimension,Audio Signal,Second Render Loopback Signal Level,Description of Second Render Loopback Signal Level,String,False
Dimension,Client Event,First Network Send Quality Event Ratio,Description of First Network Send Quality Event Ratio,String,False
Dimension,Client Event,Second Network Send Quality Event Ratio,Description of Second Network Send Quality Event Ratio,String,False
Dimension,Client Event,First Network Receive Quality Event Ratio,Description of First Network Receive Quality Event Ratio,String,False
Dimension,Client Event,Second Network Receive Quality Event Ratio,Description of Second Network Receive Quality Event Ratio,String,False
Dimension,Client Event,First CPU Insufficient Event Ratio,Description of First CPU Insufficient Event Ratio,String,False
Dimension,Client Event,Second CPU Insufficient Event Ratio,Description of Second CPU Insufficient Event Ratio,String,False
Dimension,Client Event,First Device HalfDuplex AEC Event Ratio,Description of First Device HalfDuplex AEC Event Ratio,String,False
Dimension,Client Event,Second Device HalfDuplex AEC Event Ratio,Description of Second Device HalfDuplex AEC Event Ratio,String,False
Dimension,Client Event,First Device Render Not Functioning Event Ratio,Description of First Device Render Not Functioning Event Ratio,String,False
Dimension,Client Event,Second Device Render Not Functioning Event Ratio,Description of Second Device Render Not Functioning Event Ratio,String,False
Dimension,Client Event,First Device Capture Not Functioning Event Ratio,Description of First Device Capture Not Functioning Event Ratio,String,False
Dimension,Client Event,Second Device Capture Not Functioning Event Ratio,Description of Second Device Capture Not Functioning Event Ratio,String,False
Dimension,Client Event,First Device Glitches Event Ratio,Description of First Device Glitches Event Ratio,String,False
Dimension,Client Event,Second Device Glitches Event Ratio,Description of Second Device Glitches Event Ratio,String,False
Dimension,Client Event,First Device Low SNR Event Ratio,Description of First Device Low SNR Event Ratio,String,False
Dimension,Client Event,Second Device Low SNR Event Ratio,Description of Second Device Low SNR Event Ratio,String,False
Dimension,Client Event,First Device Low Speech Level Event Ratio,Description of First Device Low Speech Level Event Ratio,String,False
Dimension,Client Event,Second Device Low Speech Level Event Ratio,Description of Second Device Low Speech Level Event Ratio,String,False
Dimension,Client Event,First Device Clipping Event Ratio,Description of First Device Clipping Event Ratio,String,False
Dimension,Client Event,Second Device Clipping Event Ratio,Description of Second Device Clipping Event Ratio,String,False
Dimension,Client Event,First Device Echo Event Ratio,Description of First Device Echo Event Ratio,String,False
Dimension,Client Event,Second Device Echo Event Ratio,Description of Second Device Echo Event Ratio,String,False
Dimension,Client Event,First Device NearEnd To Echo Ratio Event Ratio,Description of First Device NearEnd To Echo Ratio Event Ratio,String,False
Dimension,Client Event,Second Device NearEnd To Echo Ratio Event Ratio,Description of Second Device NearEnd To Echo Ratio Event Ratio,String,False
Dimension,Client Event,First Device Render Zero Volume Event Ratio,Description of First Device Render Zero Volume Event Ratio,String,False
Dimension,Client Event,Second Device Render Zero Volume Event Ratio,Description of Second Device Render Zero Volume Event Ratio,String,False
Dimension,Client Event,First Device Render Mute Event Ratio,Description of First Device Render Mute Event Ratio,String,False
Dimension,Client Event,Second Device Render Mute Event Ratio,Description of Second Device Render Mute Event Ratio,String,False
Dimension,Client Event,First Device Multiple Endpoints Event Count,Description of First Device Multiple Endpoints Event Count,String,False
Dimension,Client Event,Second Device Multiple Endpoints Event Count,Description of Second Device Multiple Endpoints Event Count,String,False
Dimension,Client Event,First Device Howling Event Count,Description of First Device Howling Event Count,String,False
Dimension,Client Event,Second Device Howling Event Count,Description of Second Device Howling Event Count,String,False
Dimension,Client Event,First Web Video Capture Device Failure Event Count,Description of First Web Video Capture Device Failure Event Count,String,False
Dimension,Client Event,Second Web Video Capture Device Failure Event Count,Description of Second Web Video Capture Device Failure Event Count,String,False
Dimension,Call Diagnostic,Error Report Sender,Description of Error Report Sender,String,False
Dimension,Call Diagnostic,Is Media Error,Description of Is Media Error,String,False
Dimension,Call Diagnostic,Media Failure Type,Description of Media Failure Type,String,False
Dimension,Call Diagnostic,Call Classification,Description of Call Classification,String,False
Dimension,Call Diagnostic,Classification Reason,Description of Classification Reason,String,False
Dimension,Call Diagnostic,Test Call Type,Description of Test Call Type,String,False
Dimension,Session,Rtp Rtcp Mux,Description of Rtp Rtcp Mux,String,False
Dimension,Session,Stun Version,Description of Stun Version,String,False
Dimension,Session,Media Relay,Description of Media Relay,String,False
Dimension,Session,Is Anonymous Join Session,Description of Is Anonymous Join Session,String,False
Dimension,Session,Has Media Diag Blob,Description of Has Media Diag Blob,String,False
Dimension,Session,Call Setup Failure Reason,Description of Call Setup Failure Reason,String,False
Dimension,Session,Session Type,Description of Session Type,String,False
Dimension,Session,CDR Response Reason,Description of CDR Response Reason,String,False
Dimension,UserData,First User ObjectId,Description of First User ObjectId,String,True
Dimension,UserData,Second User ObjectId,Description of Second User ObjectId,String,True
Dimension,UserData,First MAC Address,Description of First MAC Address,String,True
Dimension,UserData,Second MAC Address,Description of Second MAC Address,String,True
Dimension,UserData,First Sip Uri,Description of First Sip Uri,String,True
Dimension,UserData,Second Sip Uri,Description of Second Sip Uri,String,True
Dimension,UserData,First Phone Number,Description of First Phone Number,String,True
Dimension,UserData,Second Phone Number,Description of Second Phone Number,String,True
Dimension,UserData,First UPN,Description of First UPN,String,True
Dimension,UserData,Second UPN,Description of Second UPN,String,True
Dimension,UserData,First Feedback Text,Description of First Feedback Text,String,True
Dimension,UserData,Second Feedback Text,Description of Second Feedback Text,String,True
Dimension,UserData,First Client Endpoint Name,Description of First Client Endpoint Name,String,True
Dimension,UserData,Second Client Endpoint Name,Description of Second Client Endpoint Name,String,True
Dimension,UserData,First Endpoint Product Name,Description of First Endpoint Product Name,String,False
Dimension,UserData,Second Endpoint Product Name,Description of Second Endpoint Product Name,String,False
Dimension,UserData,First UserType,Description of First UserType,String,False
Dimension,UserData,Second UserType,Description of Second UserType,String,False
Dimension,UserData,Organizer ObjectId,Description of Organizer ObjectId,String,False
Dimension,UserData,Organizer UPN,Description of Organizer UPN,String,False
Dimension,UserData,Organizer Sip Uri,Description of Organizer Sip Uri,String,False
Dimension,UserData,PII Scrubbed,Description of PII Scrubbed,Boolean,False
Dimension,Devices,First Capture Device Form Factor,Description of First Capture Device Form Factor,String,False
Dimension,Devices,Second Capture Device Form Factor,Description of Second Capture Device Form Factor,String,False
Dimension,Devices,First Render Device Form Factor,Description of First Render Device Form Factor,String,False
Dimension,Devices,Second Render Device Form Factor,Description of Second Render Device Form Factor,String,False
Dimension,Video,First Recv Resolution Height,Description of First Recv Resolution Height,Int64,False
Dimension,Video,Second Recv Resolution Height,Description of Second Recv Resolution Height,Int64,False
Dimension,Video,First Recv Resolution Width,Description of First Recv Resolution Width,Int64,False
Dimension,Video,Second Recv Resolution Width,Description of Second Recv Resolution Width,Int64,False
Dimension,Video,First Video Duration Seconds,Description of First Video Duration Seconds,String,False
Dimension,Video,Second Video Duration Seconds,Description of Second Video Duration Seconds,String,False
Dimension,Video,First Recv Avg Freeze Duration,Description of First Recv Avg Freeze Duration,String,False
Dimension,Video,Second Recv Avg Freeze Duration,Description of Second Recv Avg Freeze Duration,String,False
Dimension,Video,First Recv Rms Freeze Duration,Description of First Recv Rms Freeze Duration,String,False
Dimension,Video,Second Recv Rms Freeze Duration,Description of Second Recv Rms Freeze Duration,String,False
Dimension,Video,First Recv Freeze Duration Percent,Description of First Recv Freeze Duration Percent,String,False
Dimension,Video,Second Recv Freeze Duration Percent,Description of Second Recv Freeze Duration Percent,String,False
Dimension,Video,First Video Frame Rate Avg,Description of First Video Frame Rate Avg,String,False
Dimension,Video,Second Video Frame Rate Avg,Description of Second Video Frame Rate Avg,String,False
Dimension,Video,First Video Bit Rate Avg,Description of First Video Bit Rate Avg,String,False
Dimension,Video,Second Video Bit Rate Avg,Description of Second Video Bit Rate Avg,String,False
Dimension,Video,First Time To First Frame,Description of First Time To First Frame,String,False
Dimension,Video,Second Time To First Frame,Description of Second Time To First Frame,String,False
Dimension,Video,First Video Bitrate Max,Description of First Video Bitrate Max,String,False
Dimension,Video,Second Video Bitrate Max,Description of Second Video Bitrate Max,String,False
Dimension,PSTN,First PSTN Country Region,Description of First PSTN Country Region,String,False
Dimension,PSTN,Second PSTN Country Region,Description of Second PSTN Country Region,String,False
Dimension,PSTN,PSTN Trunk FQDN,Description of PSTN Trunk FQDN,String,False
Dimension,PSTN,PSTN Carrier Name,Description of PSTN Carrier Name,String,False
Dimension,PSTN,PSTN Call Type,Description of PSTN Call Type,String,False
Dimension,PSTN,PSTN Connectivity Type,Description of PSTN Connectivity Type,String,False
Dimension,PSTN,PSTN Final SIP Code Phrase,Description of PSTN Final SIP Code Phrase,String,False
Dimension,PSTN,PSTN Call End Sub Reason,Description of PSTN Call End Sub Reason,Int64,False
Dimension,PSTN,PSTN Event Type,Description of PSTN Event Type,String,False
Dimension,PSTN,PSTN Event Info Time,Description of PSTN Event Info Time,DateTime,False
Dimension,PSTN,PSTN MP Location,Description of PSTN MP Location,String,False
Dimension,PSTN,PSTN Trunk Call Id,Description of PSTN Trunk Call Id,String,False
Dimension,PSTN,PSTN Trunk User Agent,Description of PSTN Trunk User Agent,String,False
Dimension,PSTN,PSTN Trunk SBC Version,Description of PSTN Trunk SBC Version,String,False
Dimension,PSTN,PSTN Call End Reason,Description of PSTN Call End Reason,String,False
Dimension,PSTN,Is PSTN Conferencing,Description of Is PSTN Conferencing,Boolean,False
Dimension,Voice Apps (Preview),Auto Attendant Identity,Description of Auto Attendant Identity,String,True
Dimension,Voice Apps (Preview),Auto Attendant Chain Index,Description of Auto Attendant Chain Index,Int64,False
Dimension,Voice Apps (Preview),Auto Attendant Chain Start Time,Description of Auto Attendant Chain Start Time,DateTime,True
Dimension,Voice Apps (Preview),Auto Attendant Chain Duration Seconds,Description of Auto Attendant Chain Duration Seconds,Double,True
Dimension,Voice Apps (Preview),Auto Attendant Caller Action Count,Description of Auto Attendant Caller Action Count,Int64,True
Dimension,Voice Apps (Preview),Auto Attendant Call Flow,Description of Auto Attendant Call Flow,String,False
Dimension,Voice Apps (Preview),Auto Attendant Transfer Action,Description of Auto Attendant Transfer Action,String,False
Dimension,Voice Apps (Preview),Auto Attendant Call Result,Description of Auto Attendant Call Result,String,False
Dimension,Voice Apps (Preview),Auto Attendant Directory Search Method,Description of Auto Attendant Directory Search Method,String,False
Dimension,Voice Apps (Preview),Auto Attendant Count,Description of Auto Attendant Count,Int64,False
Dimension,Voice Apps (Preview),Call Queue Identity,Description of Call Queue Identity,String,False
Dimension,Voice Apps (Preview),Call Queue Is Conference Mode,Description of Call Queue Is Conference Mode,String,False
Dimension,Voice Apps (Preview),Call Queue Agent Count,Description of Call Queue Agent Count,Int64,False
Dimension,Voice Apps (Preview),Call Queue Agent Opt In Count,Description of Call Queue Agent Opt In Count,Int64,False
Dimension,Voice Apps (Preview),Call Queue Target Type,Description of Call Queue Target Type,String,False
Dimension,Voice Apps (Preview),Call Queue Call Result,Description of Call Queue Call Result,String,False
Dimension,Voice Apps (Preview),Call Queue Final State Action,Description of Call Queue Final State Action,String,False
Dimension,Voice Apps (Preview),Call Queue Timed Out Time,Description of Call Queue Timed Out Time,DateTime,True
Dimension,Voice Apps (Preview),Transferred From Call Queue Identity,Description of Transferred From Call Queue Identity,String,False
Dimension,Voice Apps (Preview),Is Auto Attendant Involved,Description of Is Auto Attendant Involved,Boolean,False
Dimension,Voice Apps (Preview),Is Call Queue Involved,Description of Is Call Queue Involved,Boolean,False
Dimension,Meeting,Scheduling Source App Id,Description of Scheduling Source App Id,String,False
Dimension,Meeting,Total User Count,Description of Total User Count,String,False
Dimension,Common,First ACS Resource ID,Description of First ACS Resource ID,String,False
Dimension,Common,Second ACS Resource ID,Description of Second ACS Resource ID,String,False
Dimension,Teams Events,Teams Events Meeting Role,Description of Teams Events Meeting Role,String,False
Dimension,Teams Events,Teams Events Attendee ECDN Name,Description of Teams Events Attendee ECDN Name,String,False
Dimension,Teams Events,Teams Events Attendee ECDN Script Load Error,Description of Teams Events Attendee ECDN Script Load Error,String,False
Dimension,Teams Events,Teams Events Attendee Stream Retry Count,Description of Teams Events Attendee Stream Retry Count,Int64,False
Dimension,Teams Events,Meeting Type,Description of Meeting Type,String,False
Dimension,Teams Events,Teams Events Time To Connect Media,Description of Teams Events Time To Connect Media,Int64,False
Dimension,Teams Events,Teams Events Attendee Stream Buffering Rate,Description of Teams Events Attendee Stream Buffering Rate,String,False
Dimension,Teams Events,Teams Events Attendee Average Stream Download Bit Rate,Description of Teams Events Attendee Average Stream Download Bit Rate,String,False
Dimension,VDI,First Client VDI Desktop Version,Description of First Client VDI Desktop Version,String,False
Dimension,VDI,Second Client VDI Desktop Version,Description of Second Client VDI Desktop Version,String,False
Dimension,VDI,First Client VDI Mode,Description of First Client VDI Mode,String,False
Dimension,VDI,Second Client VDI Mode,Description of Second Client VDI Mode,String,False
Dimension,VDI,First Client VDI Connected State,Description of First Client VDI Connected State,String,False
Dimension,VDI,Second Client VDI Connected State,Description of Second Client VDI Connected State,String,False
Dimension,VDI,First Client VDI Provider Version,Description of First Client VDI Provider Version,String,False
Dimension,VDI,Second Client VDI Provider Version,Description of Second Client VDI Provider Version,String,False
Dimension,VDI,First Client VDI Is Optimized,Description of First Client VDI Is Optimized,String,False
Dimension,VDI,Second Client VDI Is Optimized,Description of Second Client VDI Is Optimized,String,False
Dimension,DataPair,Network Connection Detail Pair,Description of Network Connection Detail Pair,String,False
Dimension,DataPair,User Agent Category Pair,Description of User Agent Category Pair,String,False
Dimension,DataPair,Is Server Pair,Description of Is Server Pair,String,False
Dimension,DataPair,Connectivity Ice Pair,Description of Connectivity Ice Pair,String,False
Dimension,DataPair,OS Pair,Description of OS Pair,String,False
Dimension,DataPair,Tenant Id Pair,Description of Tenant Id Pair,String,False
Dimension,DataPair,Building Name Pair,Description of Building Name Pair,String,False
Dimension,DataPair,Inside Corp Pair,Description of Inside Corp Pair,String,False
Dimension,Scenario,Scenario Pair,Description of Scenario Pair,String,False
Measurement,Reliability,Total Stream Count,Description of Total Stream Count,Int64,False
Measurement,Reliability,Total CDR Available Stream Count,Description of Total CDR Available Stream Count,Int64,False
Measurement,Reliability,Total Media Failed Stream Count,Description of Total Media Failed Stream Count,Int64,False
Measurement,Reliability,Total Call Setup Failed Stream Count,Description of Total Call Setup Failed Stream Count,Int64,False
Measurement,Reliability,Total Call Dropped Stream Count,Description of Total Call Dropped Stream Count,Int64,False
Measurement,Reliability,Total Media Succeeded Stream Count,Description of Total Media Succeeded Stream Count,Int64,False
Measurement,Reliability,Total Call Setup Succeeded Stream Count,Description of Total Call Setup Succeeded Stream Count,Int64,False
Measurement,Reliability,Total Call Setup Failure Percentage,Description of Total Call Setup Failure Percentage,Double,False
Measurement,Reliability,Total Call Dropped Failure Percentage,Description of Total Call Dropped Failure Percentage,Double,False
Measurement,Reliability,Total Short Call Count,Description of Total Short Call Count,Int64,False
Measurement,Reliability,Total Answer Seizure Ratio,Description of Total Answer Seizure Ratio,Double,False
Measurement,Reliability,Total Short Call Percentage,Description of Total Short Call Percentage,Int64,False
Measurement,Reliability,Total Media Failure Percentage,Description of Total Media Failure Percentage,Double,False
Measurement,Reliability,Media Failed Due To Firewall DPI Stream Count,Description of Media Failed Due To Firewall DPI Stream Count,Int64,False
Measurement,Reliability,Firewall DPI Media Failure Percentage,Description of Firewall DPI Media Failure Percentage,Double,False
Measurement,Reliability,Media Failed Due To Firewall IP Blocked Stream Count,Description of Media Failed Due To Firewall IP Blocked Stream Count,Int64,False
Measurement,Reliability,Firewall IP Blocked Media Failure Percentage,Description of Firewall IP Blocked Media Failure Percentage,Double,False
Measurement,Reliability,Media Failed Due To Other Stream Count,Description of Media Failed Due To Other Stream Count,Int64,False
Measurement,Reliability,Other Media Failure Percentage,Description of Other Media Failure Percentage,Double,False
Measurement,Reliability,Total Call Count,Description of Total Call Count,Int64,False
Measurement,Reliability,Total CDR Available Call Count,Description of Total CDR Available Call Count,Int64,False
Measurement,Reliability,Total Media Failed Call Count,Description of Total Media Failed Call Count,Int64,False
Measurement,Audio,Audio Stream Count,Description of Audio Stream Count,Int64,False
Measurement,Audio,Audio Poor Stream Count,Description of Audio Poor Stream Count,Int64,False
Measurement,Audio,Audio Good Stream Count,Description of Audio Good Stream Count,Int64,False
Measurement,Audio,Audio Unclassified Stream Count,Description of Audio Unclassified Stream Count,Int64,False
Measurement,Audio,Audio Poor Percentage,Description of Audio Poor Percentage,Double,False
Measurement,Audio,Audio OnePercent PacketLoss Count,Description of Audio OnePercent PacketLoss Count,Int64,False
Measurement,Audio,Audio OnePercent PacketLoss Percentage,Description of Audio OnePercent PacketLoss Percentage,Double,False
Measurement,Audio,Audio Poor Due To Jitter Count,Description of Audio Poor Due To Jitter Count,Int64,False
Measurement,Audio,Audio Poor Due To PacketLoss Count,Description of Audio Poor Due To PacketLoss Count,Int64,False
Measurement,Audio,Audio Poor Due To Degradation Count,Description of Audio Poor Due To Degradation Count,Int64,False
Measurement,Audio,Audio Poor Due To RoundTrip Count,Description of Audio Poor Due To RoundTrip Count,Int64,False
Measurement,Audio,Audio Poor Due To ConcealedRatio Count,Description of Audio Poor Due To ConcealedRatio Count,Int64,False
Measurement,Audio,Audio SLA Good Call Count,Description of Audio SLA Good Call Count,Int64,False
Measurement,Audio,Audio SLA Poor Call Count,Description of Audio SLA Poor Call Count,Int64,False
Measurement,Audio,Audio SLA Call Count,Description of Audio SLA Call Count,Int64,False
Measurement,Audio,Audio SLA Good Call Percentage,Description of Audio SLA Good Call Percentage,Double,False
Measurement,Audio,Audio Good Call Stream Count,Description of Audio Good Call Stream Count,Int64,False
Measurement,Audio,Audio Poor Call Stream Count,Description of Audio Poor Call Stream Count,Int64,False
Measurement,Audio,Audio Unclassified Call Stream Count,Description of Audio Unclassified Call Stream Count,Int64,False
Measurement,Audio,Audio Poor Call Level Percentage,Description of Audio Poor Call Level Percentage,Double,False
Measurement,Audio,Audio Call Count,Description of Audio Call Count,Int64,False
Measurement,Audio,Audio Poor Call Count,Description of Audio Poor Call Count,Int64,False
Measurement,Audio,Audio Good Call Count,Description of Audio Good Call Count,Int64,False
Measurement,Audio,Audio Unclassified Call Count,Description of Audio Unclassified Call Count,Int64,False
Measurement,Audio,Audio Poor Call Percentage,Description of Audio Poor Call Percentage,Double,False
Measurement,AppSharing,AppSharing Stream Count,Description of AppSharing Stream Count,Int64,False
Measurement,AppSharing,AppSharing Poor Due To SpoiledTilePercentTotal Count,Description of AppSharing Poor Due To SpoiledTilePercentTotal Count,Int64,False
Measurement,AppSharing,AppSharing Poor Due To RelativeOneWayAverage Count,Description of AppSharing Poor Due To RelativeOneWayAverage Count,Int64,False
Measurement,AppSharing,AppSharing Poor Due To RDPTileProcessingLatencyAverage Count,Description of AppSharing Poor Due To RDPTileProcessingLatencyAverage Count,Int64,False
Measurement,AppSharing,AppSharing Poor Stream Count,Description of AppSharing Poor Stream Count,Int64,False
Measurement,AppSharing,AppSharing Good Stream Count,Description of AppSharing Good Stream Count,Int64,False
Measurement,AppSharing,AppSharing Unclassified Stream Count,Description of AppSharing Unclassified Stream Count,Int64,False
Measurement,AppSharing,AppSharing Poor Percentage,Description of AppSharing Poor Percentage,Double,False
Measurement,Video,Video Stream Count,Description of Video Stream Count,Int64,False
Measurement,Video,Video Poor Due To VideoPostFecplr Count,Description of Video Poor Due To VideoPostFecplr Count,Int64,False
Measurement,Video,Video Poor Due To VideoLocalFrameLossPercentageAvg Count,Description of Video Poor Due To VideoLocalFrameLossPercentageAvg Count,Int64,False
Measurement,Video,Video Poor Due To VideoFrameRateAvg Count,Description of Video Poor Due To VideoFrameRateAvg Count,Int64,False
Measurement,Video,Video Poor Stream Count,Description of Video Poor Stream Count,Int64,False
Measurement,Video,Video Good Stream Count,Description of Video Good Stream Count,Int64,False
Measurement,Video,Video Unclassified Stream Count,Description of Video Unclassified Stream Count,Int64,False
Measurement,Video,Video Poor Percentage,Description of Video Poor Percentage,Double,False
Measurement,Video,Video Call Count,Description of Video Call Count,Int64,False
Measurement,Video,Video Poor Due to Freeze Count,Description of Video Poor Due to Freeze Count,Int64,False
Measurement,Video,Video Poor Percentage Due to Freeze,Description of Video Poor Percentage Due to Freeze,Double,False
Measurement,VBSS,VBSS Stream Count,Description of VBSS Stream Count,Int64,False
Measurement,VBSS,VBSS Poor Due To VideoPostFecplr Count,Description of VBSS Poor Due To VideoPostFecplr Count,Int64,False
Measurement,VBSS,VBSS Poor Due To VideoLocalFrameLossPercentageAvg Count,Description of VBSS Poor Due To VideoLocalFrameLossPercentageAvg Count,Int64,False
Measurement,VBSS,VBSS Poor Due To VideoFrameRateAvg Count,Description of VBSS Poor Due To VideoFrameRateAvg Count,Int64,False
Measurement,VBSS,VBSS Poor Stream Count,Description of VBSS Poor Stream Count,Int64,False
Measurement,VBSS,VBSS Good Stream Count,Description of VBSS Good Stream Count,Int64,False
Measurement,VBSS,VBSS Unclassified Stream Count,Description of VBSS Unclassified Stream Count,Int64,False
Measurement,VBSS,VBSS Poor Percentage,Description of VBSS Poor Percentage,Double,False
Measurement,Device,Audio Device Failure Percentage,Description of Audio Device Failure Percentage,Double,False
Measurement,Device,Audio Device General Failure Percentage,Description of Audio Device General Failure Percentage,Double,False
Measurement,Device,No Mic Device Enumerated Failure Count,Description of No Mic Device Enumerated Failure Count,Int64,False
Measurement,Device,No Mic Device Enumerated Failure Percentage,Description of No Mic Device Enumerated Failure Percentage,Double,False
Measurement,Device,Mic Initialization Failure Count,Description of Mic Initialization Failure Count,Int64,False
Measurement,Device,Mic Initialization Failure Percentage,Description of Mic Initialization Failure Percentage,Double,False
Measurement,Device,Speaker Initialization Failure Count,Description of Speaker Initialization Failure Count,Int64,False
Measurement,Device,Speaker Initialization Failure Percentage,Description of Speaker Initialization Failure Percentage,Double,False
Measurement,Device,No Speaker Device Enumerated Failure Count,Description of No Speaker Device Enumerated Failure Count,Int64,False
Measurement,Device,No Speaker Device Enumerated Failure Percentage,Description of No Speaker Device Enumerated Failure Percentage,Double,False
Measurement,Device,Mic Is Silent Failure Count,Description of Mic Is Silent Failure Count,Int64,False
Measurement,Device,Mic Is Silent Failure Percentage,Description of Mic Is Silent Failure Percentage,Double,False
Measurement,Device,Audio Device Failure Count,Description of Audio Device Failure Count,Int64,False
Measurement,Device,First Audio Device General Failure Rate,Description of First Audio Device General Failure Rate,Double,False
Measurement,Device,Second Audio Device General Failure Rate,Description of Second Audio Device General Failure Rate,Double,False
Measurement,Device,First Mic Device Failure Rate,Description of First Mic Device Failure Rate,Double,False
Measurement,Device,Second Mic Device Failure Rate,Description of Second Mic Device Failure Rate,Double,False
Measurement,Device,First Speaker Device Failure Rate,Description of First Speaker Device Failure Rate,Double,False
Measurement,Device,Second Speaker Device Failure Rate,Description of Second Speaker Device Failure Rate,Double,False
Measurement,Common,Avg Call Duration,Description of Avg Call Duration,Double,False
Measurement,Common,Total Audio Stream Duration (Minutes),Description of Total Audio Stream Duration (Minutes),Double,False
Measurement,Common,Total Stream Duration (Minutes),Description of Total Stream Duration (Minutes),Double,False
Measurement,Common,First Feedback Rating Avg,Description of First Feedback Rating Avg,Double,False
Measurement,Common,Second Feedback Rating Avg,Description of Second Feedback Rating Avg,Double,False
Measurement,Common,First Feedback Rating Count,Description of First Feedback Rating Count,Int64,False
Measurement,Common,Second Feedback Rating Count,Description of Second Feedback Rating Count,Int64,False
Measurement,Common,First Feedback Rating Poor Count,Description of First Feedback Rating Poor Count,Int64,False
Measurement,Common,Second Feedback Rating Poor Count,Description of Second Feedback Rating Poor Count,Int64,False
Measurement,Common,First Feedback Rating Poor Percentage,Description of First Feedback Rating Poor Percentage,Double,False
Measurement,Common,Second Feedback Rating Poor Percentage,Description of Second Feedback Rating Poor Percentage,Double,False
Measurement,Common,First Feedback Token Audio Issue Count,Description of First Feedback Token Audio Issue Count,Int64,False
Measurement,Common,Second Feedback Token Audio Issue Count,Description of Second Feedback Token Audio Issue Count,Int64,False
Measurement,Common,First Feedback Token Video Issue Count,Description of First Feedback Token Video Issue Count,Int64,False
Measurement,Common,Second Feedback Token Video Issue Count,Description of Second Feedback Token Video Issue Count,Int64,False
Measurement,Audio Signal,Avg First Echo Percent Mic In,Description of Avg First Echo Percent Mic In,Double,False
Measurement,Audio Signal,Avg Second Echo Percent Mic In,Description of Avg Second Echo Percent Mic In,Double,False
Measurement,Audio Signal,Avg First Echo Percent Send,Description of Avg First Echo Percent Send,Double,False
Measurement,Audio Signal,Avg Second Echo Percent Send,Description of Avg Second Echo Percent Send,Double,False
Measurement,Audio Metrics,Avg First Initial Signal Level RMS,Description of Avg First Initial Signal Level RMS,Double,False
Measurement,Audio Metrics,Avg Second Initial Signal Level RMS,Description of Avg Second Initial Signal Level RMS,Double,False
Measurement,Audio Metrics,Avg First RxAGC Signal Level,Description of Avg First RxAGC Signal Level,Double,False
Measurement,Audio Metrics,Avg Second RxAGC Signal Level,Description of Avg Second RxAGC Signal Level,Double,False
Measurement,Audio Metrics,Avg First RxAGC Noise Level,Description of Avg First RxAGC Noise Level,Double,False
Measurement,Audio Metrics,Avg Second RxAGC Noise Level,Description of Avg Second RxAGC Noise Level,Double,False
Measurement,Audio Metrics,Avg First Render Loopback Signal Level,Description of Avg First Render Loopback Signal Level,Double,False
Measurement,Audio Metrics,Avg Second Render Loopback Signal Level,Description of Avg Second Render Loopback Signal Level,Double,False
Measurement,Audio Metrics,Avg First Audio Send Signal Level,Description of Avg First Audio Send Signal Level,Double,False
Measurement,Audio Metrics,Avg Second Audio Send Signal Level,Description of Avg Second Audio Send Signal Level,Double,False
Measurement,Audio Metrics,Avg First Audio Recv Signal Level,Description of Avg First Audio Recv Signal Level,Double,False
Measurement,Audio Metrics,Avg Second Audio Recv Signal Level,Description of Avg Second Audio Recv Signal Level,Double,False
Measurement,Audio Metrics,Avg First Audio Send Noise Level,Description of Avg First Audio Send Noise Level,Double,False
Measurement,Audio Metrics,Avg Second Audio Send Noise Level,Description of Avg Second Audio Send Noise Level,Double,False
Measurement,Audio Metrics,Avg First Audio Recv Noise Level,Description of Avg First Audio Recv Noise Level,Double,False
Measurement,Audio Metrics,Avg Second Audio Recv Noise Level,Description of Avg Second Audio Recv Noise Level,Double,False
Measurement,Audio Metrics,First Audio Echo BAD_TIMESTAMP Count,Description of First Audio Echo BAD_TIMESTAMP Count,Int64,False
Measurement,Audio Metrics,First Audio Echo POSTAEC_ECHO Count,Description of First Audio Echo POSTAEC_ECHO Count,Int64,False
Measurement,Audio Metrics,First Audio Echo EVENT_ANLP Count,Description of First Audio Echo EVENT_ANLP Count,Int64,False
Measurement,Audio Metrics,First Audio Echo EVENT_DNLP Count,Description of First Audio Echo EVENT_DNLP Count,Int64,False
Measurement,Audio Metrics,First Audio Echo MIC_CLIPPING Count,Description of First Audio Echo MIC_CLIPPING Count,Int64,False
Measurement,Audio Metrics,First Audio Echo BAD_STATE Count,Description of First Audio Echo BAD_STATE Count,Int64,False
Measurement,Audio Metrics,Second Audio Echo BAD_TIMESTAMP Count,Description of Second Audio Echo BAD_TIMESTAMP Count,Int64,False
Measurement,Audio Metrics,Second Audio Echo POSTAEC_ECHO Count,Description of Second Audio Echo POSTAEC_ECHO Count,Int64,False
Measurement,Audio Metrics,Second Audio Echo EVENT_ANLP Count,Description of Second Audio Echo EVENT_ANLP Count,Int64,False
Measurement,Audio Metrics,Second Audio Echo EVENT_DNLP Count,Description of Second Audio Echo EVENT_DNLP Count,Int64,False
Measurement,Audio Metrics,Second Audio Echo MIC_CLIPPING Count,Description of Second Audio Echo MIC_CLIPPING Count,Int64,False
Measurement,Audio Metrics,Second Audio Echo BAD_STATE Count,Description of Second Audio Echo BAD_STATE Count,Int64,False
Measurement,Metrics,Avg Audio Degradation,Description of Avg Audio Degradation,Double,False
Measurement,Metrics,Avg Jitter,Description of Avg Jitter,Double,False
Measurement,Metrics,Avg Jitter Max,Description of Avg Jitter Max,Double,False
Measurement,Metrics,Avg Packet Loss Rate,Description of Avg Packet Loss Rate,Double,False
Measurement,Metrics,Avg Packet Loss Rate Max,Description of Avg Packet Loss Rate Max,Double,False
Measurement,Metrics,Avg Send Listen MOS,Description of Avg Send Listen MOS,Double,False
Measurement,Metrics,Avg Overall Avg Network MOS,Description of Avg Overall Avg Network MOS,String,False
Measurement,Metrics,Avg Ratio Concealed Samples,Description of Avg Ratio Concealed Samples,Double,False
Measurement,Metrics,Avg Conceal Ratio Max,Description of Avg Conceal Ratio Max,Double,False
Measurement,Metrics,Avg Ratio Stretched Samples,Description of Avg Ratio Stretched Samples,Double,False
Measurement,Metrics,Avg Healer Packet Drop Ratio,Description of Avg Healer Packet Drop Ratio,Double,False
Measurement,Metrics,Avg Healer FEC Packet Used Ratio,Description of Avg Healer FEC Packet Used Ratio,Double,False
Measurement,Metrics,Avg Round Trip,Description of Avg Round Trip,Double,False
Measurement,Metrics,Avg Round Trip Max,Description of Avg Round Trip Max,Double,False
Measurement,Metrics,Avg Packet Utilization,Description of Avg Packet Utilization,Double,False
Measurement,Metrics,Avg Network Jitter,Description of Avg Network Jitter,Double,False
Measurement,Metrics,Avg Network Jitter Max,Description of Avg Network Jitter Max,Double,False
Measurement,Metrics,Avg Network Jitter Min,Description of Avg Network Jitter Min,Double,False
Measurement,Metrics,Avg Jitter Buffer Size,Description of Avg Jitter Buffer Size,Double,False
Measurement,Metrics,Avg Jitter Buffer Size Max,Description of Avg Jitter Buffer Size Max,Double,False
Measurement,Metrics,Avg Jitter Buffer Size Min,Description of Avg Jitter Buffer Size Min,Double,False
Measurement,Metrics,Avg Relative OneWay,Description of Avg Relative OneWay,Double,False
Measurement,Metrics,Avg Relative OneWay Max,Description of Avg Relative OneWay Max,Double,False
Measurement,Metrics,Avg Relative OneWay Gap Occurrences,Description of Avg Relative OneWay Gap Occurrences,Double,False
Measurement,Metrics,Avg Relative OneWay Gap Density,Description of Avg Relative OneWay Gap Density,String,False
Measurement,Metrics,Avg Relative OneWay Gap Duration,Description of Avg Relative OneWay Gap Duration,Double,False
Measurement,Metrics,Avg Audio Post FECPLR,Description of Avg Audio Post FECPLR,Double,False
Measurement,Metrics,Avg Video Post FECPLR,Description of Avg Video Post FECPLR,Double,False
Measurement,Metrics,Avg Video Local Frame Loss Percentage,Description of Avg Video Local Frame Loss Percentage,Double,False
Measurement,Metrics,Avg Video Recv Frame Rate Average,Description of Avg Video Recv Frame Rate Average,Double,False
Measurement,Metrics,Avg Video Low Frame Rate Call Percent,Description of Avg Video Low Frame Rate Call Percent,Double,False
Measurement,Metrics,Avg Video Packet Loss Rate,Description of Avg Video Packet Loss Rate,Double,False
Measurement,Metrics,Avg Video Frame Rate,Description of Avg Video Frame Rate,Double,False
Measurement,Metrics,Avg Video Dynamic Capability Percent,Description of Avg Video Dynamic Capability Percent,Double,False
Measurement,Metrics,Avg AppSharing Spoiled Tile Percent Total,Description of Avg AppSharing Spoiled Tile Percent Total,Double,False
Measurement,Metrics,Avg AppSharing Relative OneWay,Description of Avg AppSharing Relative OneWay,Double,False
Measurement,Metrics,Avg AppSharing RDP Tile Processing Latency,Description of Avg AppSharing RDP Tile Processing Latency,Double,False
Measurement,Metrics,Avg First Device Capture Not Functioning Event Ratio,Description of Avg First Device Capture Not Functioning Event Ratio,Double,False
Measurement,Metrics,Avg Second Device Capture Not Functioning Event Ratio,Description of Avg Second Device Capture Not Functioning Event Ratio,Double,False
Measurement,Metrics,Avg First Device Render Not Functioning Event Ratio,Description of Avg First Device Render Not Functioning Event Ratio,Double,False
Measurement,Metrics,Avg Second Device Render Not Functioning Event Ratio,Description of Avg Second Device Render Not Functioning Event Ratio,Double,False
Measurement,Metrics,Avg First Mic Glitch Rate,Description of Avg First Mic Glitch Rate,Double,False
Measurement,Metrics,Avg Second Mic Glitch Rate,Description of Avg Second Mic Glitch Rate,Double,False
Measurement,Metrics,Avg First Speaker Glitch Rate,Description of Avg First Speaker Glitch Rate,Double,False
Measurement,Metrics,Avg Second Speaker Glitch Rate,Description of Avg Second Speaker Glitch Rate,Double,False
Measurement,Metrics,Avg First Send Mute Percent,Description of Avg First Send Mute Percent,Double,False
Measurement,Metrics,Avg Second Send Mute Percent,Description of Avg Second Send Mute Percent,Double,False
Measurement,Metrics,Avg First System CPU Resource Usage Average,Description of Avg First System CPU Resource Usage Average,Double,False
Measurement,Metrics,Avg Second System CPU Resource Usage Average,Description of Avg Second System CPU Resource Usage Average,Double,False
Measurement,Metrics,Avg First Process Memory Resource Usage Average,Description of Avg First Process Memory Resource Usage Average,Double,False
Measurement,Metrics,Avg Second Process Memory Resource Usage Average,Description of Avg Second Process Memory Resource Usage Average,Double,False
Measurement,Metrics,Avg First System CPU Resource Usage Max,Description of Avg First System CPU Resource Usage Max,Double,False
Measurement,Metrics,Avg Second System CPU Resource Usage Max,Description of Avg Second System CPU Resource Usage Max,Double,False
Measurement,Metrics,Avg First Process Memory Resource Usage Max,Description of Avg First Process Memory Resource Usage Max,Double,False
Measurement,Metrics,Avg Second Process Memory Resource Usage Max,Description of Avg Second Process Memory Resource Usage Max,Double,False
Measurement,Metrics,Avg First System Memory Resource Usage Average,Description of Avg First System Memory Resource Usage Average,Double,False
Measurement,Metrics,Avg Second System Memory Resource Usage Average,Description of Avg Second System Memory Resource Usage Average,Double,False
Measurement,Metrics,Avg First System Memory Resource Usage Max,Description of Avg First System Memory Resource Usage Max,Double,False
Measurement,Metrics,Avg Second System Memory Resource Usage Max,Description of Avg Second System Memory Resource Usage Max,Double,False
Measurement,Metrics,Avg First Process CPU Resource Usage Average,Description of Avg First Process CPU Resource Usage Average,Double,False
Measurement,Metrics,Avg Second Process CPU Resource Usage Average,Description of Avg Second Process CPU Resource Usage Average,Double,False
Measurement,Metrics,Avg First Process CPU Resource Usage Max,Description of Avg First Process CPU Resource Usage Max,Double,False
Measurement,Metrics,Avg Second Process CPU Resource Usage Max,Description of Avg Second Process CPU Resource Usage Max,Double,False
Measurement,UserData,First User Count,Description of First User Count,Int64,False
Measurement,UserData,Second User Count,Description of Second User Count,Int64,False
Measurement,Client Event,Avg First Device Glitches Event Ratio,Description of Avg First Device Glitches Event Ratio,Double,False
Measurement,Client Event,Avg Second Device Glitches Event Ratio,Description of Avg Second Device Glitches Event Ratio,Double,False
Measurement,Client Event,First Device Glitches Event Count,Description of First Device Glitches Event Count,Int64,False
Measurement,Client Event,Second Device Glitches Event Count,Description of Second Device Glitches Event Count,Int64,False
Measurement,PSTN,PSTN Total Attempts Count,Description of PSTN Total Attempts Count,Int64,False
Measurement,PSTN,PSTN Total Connected Count,Description of PSTN Total Connected Count,Int64,False
Measurement,PSTN,PSTN Inbound Attempts Count,Description of PSTN Inbound Attempts Count,Int64,False
Measurement,PSTN,PSTN Inbound Connected Count,Description of PSTN Inbound Connected Count,Int64,False
Measurement,PSTN,PSTN Outbound Attempts Count,Description of PSTN Outbound Attempts Count,Int64,False
Measurement,PSTN,PSTN Outbound Connected Count,Description of PSTN Outbound Connected Count,Int64,False
Measurement,PSTN,PSTN Total Minutes,Description of PSTN Total Minutes,Double,False
Measurement,PSTN,PSTN Inbound Total Minutes,Description of PSTN Inbound Total Minutes,Double,False
Measurement,PSTN,PSTN Outbound Total Minutes,Description of PSTN Outbound Total Minutes,Double,False
Measurement,PSTN,PSTN Active User Count,Description of PSTN Active User Count,Double,False
Measurement,PSTN,PSTN Average Call Duration (minutes),Description of PSTN Average Call Duration (minutes),Double,False
Measurement,PSTN,PSTN Total Inbound Concurrent Call Count,Description of PSTN Total Inbound Concurrent Call Count,Double,False
Measurement,PSTN,PSTN Total Outbound Concurrent Call Count,Description of PSTN Total Outbound Concurrent Call Count,Double,False
Measurement,PSTN,P05 Latency,Description of P05 Latency,Double,False
Measurement,PSTN,P05 Jitter,Description of P05 Jitter,Double,False
Measurement,PSTN,P05 Packet Loss Rate,Description of P05 Packet Loss Rate,Double,False
Measurement,PSTN,P10 Latency,Description of P10 Latency,Double,False
Measurement,PSTN,P10 Jitter,Description of P10 Jitter,Double,False
Measurement,PSTN,P10 Packet Loss Rate,Description of P10 Packet Loss Rate,Double,False
Measurement,PSTN,P50 Latency,Description of P50 Latency,Double,False
Measurement,PSTN,P50 Jitter,Description of P50 Jitter,Double,False
Measurement,PSTN,P50 Packet Loss Rate,Description of P50 Packet Loss Rate,Double,False
Measurement,PSTN,P90 Latency,Description of P90 Latency,Double,False
Measurement,PSTN,P90 Jitter,Description of P90 Jitter,Double,False
Measurement,PSTN,P90 Packet Loss Rate,Description of P90 Packet Loss Rate,Double,False
Measurement,PSTN,P95 Latency,Description of P95 Latency,Double,False
Measurement,PSTN,P95 Jitter,Description of P95 Jitter,Double,False
Measurement,PSTN,P95 Packet Loss Rate,Description of P95 Packet Loss Rate,Double,False
Measurement,PSTN,PSTN Outgoing Post Dial Delay,Description of PSTN Outgoing Post Dial Delay,Int64,False
Measurement,PSTN,PSTN Incoming Post Dial Delay,Description of PSTN Incoming Post Dial Delay,Int64,False
Measurement,PSTN,PSTN Calls Affected By NER,Description of PSTN Calls Affected By NER,Int64,False
Measurement,PSTN,PSTN NER Good Percentage,Description of PSTN NER Good Percentage,Double,False
Measurement,Voice Apps (Preview),Avg Auto Attendant Chain Duration Seconds,Description of Avg Auto Attendant Chain Duration Seconds,Double,False
Measurement,Voice Apps (Preview),Avg Call Queue Duration Seconds,Description of Avg Call Queue Duration Seconds,Double,False
Measurement,Teams Events,Total Teams Events Stream Count,Description of Total Teams Events Stream Count,Int64,False
Measurement,Teams Events,Teams Events ECDN Error Stream Count,Description of Teams Events ECDN Error Stream Count,Int64,False
Measurement,Teams Events,Teams Events Setup Failure Stream Count,Description of Teams Events Setup Failure Stream Count,Int64,False
Measurement,Teams Events,Teams Events Setup Succeeded Stream Count,Description of Teams Events Setup Succeeded Stream Count,Int64,False
Measurement,Teams Events,Teams Events Stream Setup Failure Percentage,Description of Teams Events Stream Setup Failure Percentage,Double,False
Measurement,Measure,Detected Inbound Network Problem True Count,Description of Detected Inbound Network Problem True Count,Int64,False
Measurement,Measure,Detected Inbound Network Problem False Count,Description of Detected Inbound Network Problem False Count,Int64,False
Measurement,Measure,Detected Inbound Network Problem Null Count,Description of Detected Inbound Network Problem Null Count,Int64,False
Measurement,Measure,Detected Inbound Network Problem Rate,Description of Detected Inbound Network Problem Rate,Double,False
Measurement,Measure,Detected Inbound Network Problem Rate Lower Limit,Description of Detected Inbound Network Problem Rate Lower Limit,Double,False
Measurement,Measure,Detected Inbound Network Problem Rate Upper Limit,Description of Detected Inbound Network Problem Rate Upper Limit,Double,False
Measurement,Measure,Detected Uplink Problem True Count,Description of Detected Uplink Problem True Count,Int64,False
Measurement,Measure,Detected Uplink Problem False Count,Description of Detected Uplink Problem False Count,Int64,False
Measurement,Measure,Detected Uplink Problem Null Count,Description of Detected Uplink Problem Null Count,Int64,False
Measurement,Measure,Detected Uplink Problem Rate,Description of Detected Uplink Problem Rate,Double,False
Measurement,Measure,Detected Uplink Problem Rate Lower Limit,Description of Detected Uplink Problem Rate Lower Limit,Double,False
Measurement,Measure,Detected Uplink Problem Rate Upper Limit,Description of Detected Uplink Problem Rate Upper Limit,Double,False
Measurement,Measure,Detected Other User Uplink Problem True Count,Description of Detected Other User Uplink Problem True Count,Int64,False
Measurement,Measure,Detected Other User Uplink Problem False Count,Description of Detected Other User Uplink Problem False Count,Int64,False
Measurement,Measure,Detected Other User Uplink Problem Null Count,Description of Detected Other User Uplink Problem Null Count,Int64,False
Measurement,Measure,Detected Other User Uplink Problem Rate,Description of Detected Other User Uplink Problem Rate,Double,False
Measurement,Measure,Detected Input Device Causing Problem True Count,Description of Detected Input Device Causing Problem True Count,Int64,False
Measurement,Measure,Detected Input Device Causing Problem False Count,Description of Detected Input Device Causing Problem False Count,Int64,False
Measurement,Measure,Detected Input Device Causing Problem Null Count,Description of Detected Input Device Causing Problem Null Count,Int64,False
Measurement,Measure,Detected Input Device Causing Problem Rate,Description of Detected Input Device Causing Problem Rate,Double,False
Measurement,Measure,Detected Input Device Causing Problem Rate Lower Limit,Description of Detected Input Device Causing Problem Rate Lower Limit,Double,False
Measurement,Measure,Detected Input Device Causing Problem Rate Upper Limit,Description of Detected Input Device Causing Problem Rate Upper Limit,Double,False
Measurement,Measure,Detected Other User Device Problem True Count,Description of Detected Other User Device Problem True Count,Int64,False
Measurement,Measure,Detected Other User Device Problem False Count,Description of Detected Other User Device Problem False Count,Int64,False
Measurement,Measure,Detected Other User Device Problem Null Count,Description of Detected Other User Device Problem Null Count,Int64,False
Measurement,Measure,Detected Other User Device Problem Rate,Description of Detected Other User Device Problem Rate,Double,False
Measurement,Measure,Detected Local Input Device Problem True Count,Description of Detected Local Input Device Problem True Count,Int64,False
Measurement,Measure,Detected Local Input Device Problem False Count,Description of Detected Local Input Device Problem False Count,Int64,False
Measurement,Measure,Detected Local Input Device Problem Null Count,Description of Detected Local Input Device Problem Null Count,Int64,False
Measurement,Measure,Detected Local Input Device Problem Rate,Description of Detected Local Input Device Problem Rate,Double,False
Measurement,Measure,Detected Local Input Device Problem Rate Lower Limit,Description of Detected Local Input Device Problem Rate Lower Limit,Double,False
Measurement,Measure,Detected Local Input Device Problem Rate Upper Limit,Description of Detected Local Input Device Problem Rate Upper Limit,Double,False
Measurement,Measure,Detected Leaking Echo Problem True Count,Description of Detected Leaking Echo Problem True Count,Int64,False
Measurement,Measure,Detected Leaking Echo Problem False Count,Description of Detected Leaking Echo Problem False Count,Int64,False
Measurement,Measure,Detected Leaking Echo Problem Null Count,Description of Detected Leaking Echo Problem Null Count,Int64,False
Measurement,Measure,Detected Leaking Echo Problem Rate,Description of Detected Leaking Echo Problem Rate,Double,False
Measurement,Measure,Detected Leaking Echo Problem Rate Lower Limit,Description of Detected Leaking Echo Problem Rate Lower Limit,Double,False
Measurement,Measure,Detected Leaking Echo Problem Rate Upper Limit,Description of Detected Leaking Echo Problem Rate Upper Limit,Double,False
Measurement,Measure,Detected Hearing Echo Problem True Count,Description of Detected Hearing Echo Problem True Count,Int64,False
Measurement,Measure,Detected Hearing Echo Problem False Count,Description of Detected Hearing Echo Problem False Count,Int64,False
Measurement,Measure,Detected Hearing Echo Problem Null Count,Description of Detected Hearing Echo Problem Null Count,Int64,False
Measurement,Measure,Detected Hearing Echo Problem Rate,Description of Detected Hearing Echo Problem Rate,Double,False
Measurement,Measure,Detected Compute Device Causing Problem True Count,Description of Detected Compute Device Causing Problem True Count,Int64,False
Measurement,Measure,Detected Compute Device Causing Problem False Count,Description of Detected Compute Device Causing Problem False Count,Int64,False
Measurement,Measure,Detected Compute Device Causing Problem Null Count,Description of Detected Compute Device Causing Problem Null Count,Int64,False
Measurement,Measure,Detected Compute Device Causing Problem Rate,Description of Detected Compute Device Causing Problem Rate,Double,False
Measurement,Measure,Detected Compute Device Causing Problem Rate Lower Limit,Description of Detected Compute Device Causing Problem Rate Lower Limit,Double,False
Measurement,Measure,Detected Compute Device Causing Problem Rate Upper Limit,Description of Detected Compute Device Causing Problem Rate Upper Limit,Double,False
Measurement,Measure,Detected Other User Compute Problem True Count,Description of Detected Other User Compute Problem True Count,Int64,False
Measurement,Measure,Detected Other User Compute Problem False Count,Description of Detected Other User Compute Problem False Count,Int64,False
Measurement,Measure,Detected Other User Compute Problem Null Count,Description of Detected Other User Compute Problem Null Count,Int64,False
Measurement,Measure,Detected Other User Compute Problem Rate,Description of Detected Other User Compute Problem Rate,Double,False
Measurement,Measure,Detected Local Compute Problem True Count,Description of Detected Local Compute Problem True Count,Int64,False
Measurement,Measure,Detected Local Compute Problem False Count,Description of Detected Local Compute Problem False Count,Int64,False
Measurement,Measure,Detected Local Compute Problem Null Count,Description of Detected Local Compute Problem Null Count,Int64,False
Measurement,Measure,Detected Local Compute Problem Rate,Description of Detected Local Compute Problem Rate,Double,False
Measurement,Measure,Detected Local Compute Problem Rate Lower Limit,Description of Detected Local Compute Problem Rate Lower Limit,Double,False
Measurement,Measure,Detected Local Compute Problem Rate Upper Limit,Description of Detected Local Compute Problem Rate Upper Limit,Double,False
Measurement,Measure,Detected Media Modality Problem True Count,Description of Detected Media Modality Problem True Count,Int64,False
Measurement,Measure,Detected Media Modality Problem False Count,Description of Detected Media Modality Problem False Count,Int64,False
Measurement,Measure,Detected Media Modality Problem Null Count,Description of Detected Media Modality Problem Null Count,Int64,False
Measurement,Measure,Detected Media Modality Problem Rate,Description of Detected Media Modality Problem Rate,Double,False
Measurement,Measure,Detected Media Modality Problem Rate Lower Limit,Description of Detected Media Modality Problem Rate Lower Limit,Double,False
Measurement,Measure,Detected Media Modality Problem Rate Upper Limit,Description of Detected Media Modality Problem Rate Upper Limit,Double,False
Measurement,Network,Avg First Healed Data Ratio Value,Description of Avg First Healed Data Ratio Value,Double,False
Measurement,Network,Avg Second Healed Data Ratio Value,Description of Avg Second Healed Data Ratio Value,Double,False
Measurement,Network,Avg First Received Audio Seconds,Description of Avg First Received Audio Seconds,Double,False
Measurement,Network,Avg Second Received Audio Seconds,Description of Avg Second Received Audio Seconds,Double,False
Measurement,Network,Avg First Roaming Count,Description of Avg First Roaming Count,Double,False
Measurement,Network,Avg Second Roaming Count,Description of Avg Second Roaming Count,Double,False
Measurement,Network,Avg First Recv Avg Freeze Duration,Description of Avg First Recv Avg Freeze Duration,Double,False
Measurement,Network,Avg Second Recv Avg Freeze Duration,Description of Avg Second Recv Avg Freeze Duration,Double,False
Measurement,Network,Avg First Recv AV Sync Distance Avg,Description of Avg First Recv AV Sync Distance Avg,Double,False
Measurement,Network,Avg Second Recv AV Sync Distance Avg,Description of Avg Second Recv AV Sync Distance Avg,Double,False
Measurement,Network,Avg First Recv AV Sync Distance Max,Description of Avg First Recv AV Sync Distance Max,Double,False
Measurement,Network,Avg Second Recv AV Sync Distance Max,Description of Avg Second Recv AV Sync Distance Max,Double,False
Measurement,Network,Avg First Recv AV Sync Distance Min,Description of Avg First Recv AV Sync Distance Min,Double,False
Measurement,Network,Avg Second Recv AV Sync Distance Min,Description of Avg Second Recv AV Sync Distance Min,Double,False
Measurement,Network,Avg First Recv AV Sync Distance Std Dev,Description of Avg First Recv AV Sync Distance Std Dev,Double,False
Measurement,Network,Avg Second Recv AV Sync Distance Std Dev,Description of Avg Second Recv AV Sync Distance Std Dev,Double,False
Measurement,Network,Avg First Input Noise Level,Description of Avg First Input Noise Level,Double,False
Measurement,Network,Avg Second Input Noise Level,Description of Avg Second Input Noise Level,Double,False
Measurement,Network,Avg First Input Speech Level,Description of Avg First Input Speech Level,Double,False
Measurement,Network,Avg Second Input Speech Level,Description of Avg Second Input Speech Level,Double,False
Measurement,Network,Avg Network Score,Description of Avg Network Score,Double,False
